{"cameraMode":{"drawMode":0,"name":"Shaded","section":"Shading Mode"},"sceneLighting":true,"audioPlay":false,"sceneViewState":{"showFog":true,"showMaterialUpdate":false,"showSkybox":true,"showFlares":true,"showImageEffects":true,"showParticleSystems":true,"showVisualEffectGraphs":true,"m_FxEnabled":true},"in2DMode":false,"pivot":{"x":-23.127300262451173,"y":2.9335196018218996,"z":-5.104892253875732},"rotation":{"x":0.009061471559107304,"y":0.7742468118667603,"z":0.011177495121955872,"w":-0.6327791213989258},"size":18.743022918701173,"orthographic":false}