{"cameraMode":{"drawMode":0,"name":"Shaded","section":"Shading Mode"},"sceneLighting":true,"audioPlay":false,"sceneViewState":{"showFog":true,"showMaterialUpdate":false,"showSkybox":true,"showFlares":true,"showImageEffects":true,"showParticleSystems":true,"showVisualEffectGraphs":true,"m_FxEnabled":true},"in2DMode":false,"pivot":{"x":16.801372528076173,"y":21.235275268554689,"z":0.13216018676757813},"rotation":{"x":0.07927488535642624,"y":-0.9133273959159851,"z":0.21511493623256684,"w":0.3366089165210724},"size":71.3568115234375,"orthographic":false}